{
  "Defaults": {},
  "StreamingMaxPool_hls_0": {
    "PE": 1
  },
  "FMPadding_rtl_0": {
    "SIMD": 8
  },
  "ConvolutionInputGenerator_rtl_0": {
    "SIMD": 1,
    "parallel_window": 0,
    "ram_style": "distributed"
  },
  "MVAU_hls_0": {
    "PE": 1,
    "SIMD": 3,
    "ram_style": "auto",
    "resType": "auto",
    "mem_mode": "internal_decoupled",
    "runtime_writeable_weights": 0
  },
  "StreamingMaxPool_hls_1": {
    "PE": 1
  },
  "FMPadding_rtl_1": {
    "SIMD": 8
  },
  "ConvolutionInputGenerator_rtl_1": {
    "SIMD": 1,
    "parallel_window": 0,
    "ram_style": "distributed"
  },
  "MVAU_hls_1": {
    "PE": 1,
    "SIMD": 2,
    "ram_style": "auto",
    "resType": "auto",
    "mem_mode": "internal_decoupled",
    "runtime_writeable_weights": 0
  },
  "StreamingMaxPool_hls_2": {
    "PE": 1
  },
  "FMPadding_rtl_2": {
    "SIMD": 16
  },
  "ConvolutionInputGenerator_rtl_2": {
    "SIMD": 1,
    "parallel_window": 0,
    "ram_style": "distributed"
  },
  "MVAU_hls_2": {
    "PE": 1,
    "SIMD": 2,
    "ram_style": "auto",
    "resType": "auto",
    "mem_mode": "internal_decoupled",
    "runtime_writeable_weights": 0
  },
  "StreamingMaxPool_hls_3": {
    "PE": 1
  },
  "FMPadding_rtl_3": {
    "SIMD": 32
  },
  "ConvolutionInputGenerator_rtl_3": {
    "SIMD": 1,
    "parallel_window": 0,
    "ram_style": "distributed"
  },
  "MVAU_hls_3": {
    "PE": 1,
    "SIMD": 2,
    "ram_style": "auto",
    "resType": "auto",
    "mem_mode": "internal_decoupled",
    "runtime_writeable_weights": 0
  },
  "StreamingMaxPool_hls_4": {
    "PE": 1
  },
  "FMPadding_rtl_4": {
    "SIMD": 56
  },
  "ConvolutionInputGenerator_rtl_4": {
    "SIMD": 1,
    "parallel_window": 0,
    "ram_style": "distributed"
  },
  "MVAU_hls_4": {
    "PE": 1,
    "SIMD": 1,
    "ram_style": "auto",
    "resType": "auto",
    "mem_mode": "internal_decoupled",
    "runtime_writeable_weights": 0
  },
  "FMPadding_rtl_5": {
    "SIMD": 104
  },
  "ConvolutionInputGenerator_rtl_5": {
    "SIMD": 1,
    "parallel_window": 0,
    "ram_style": "distributed"
  },
  "MVAU_hls_5": {
    "PE": 1,
    "SIMD": 4,
    "ram_style": "auto",
    "resType": "auto",
    "mem_mode": "internal_decoupled",
    "runtime_writeable_weights": 0
  },
  "MVAU_hls_6": {
    "PE": 1,
    "SIMD": 1,
    "ram_style": "auto",
    "resType": "auto",
    "mem_mode": "internal_decoupled",
    "runtime_writeable_weights": 0
  },
  "FMPadding_rtl_6": {
    "SIMD": 56
  },
  "ConvolutionInputGenerator_rtl_6": {
    "SIMD": 1,
    "parallel_window": 0,
    "ram_style": "distributed"
  },
  "MVAU_hls_7": {
    "PE": 1,
    "SIMD": 1,
    "ram_style": "auto",
    "resType": "auto",
    "mem_mode": "internal_decoupled",
    "runtime_writeable_weights": 0
  },
  "FMPadding_rtl_7": {
    "SIMD": 104
  },
  "ConvolutionInputGenerator_rtl_7": {
    "SIMD": 1,
    "parallel_window": 0,
    "ram_style": "distributed"
  },
  "MVAU_hls_8": {
    "PE": 1,
    "SIMD": 6,
    "ram_style": "auto",
    "resType": "auto",
    "mem_mode": "internal_decoupled",
    "runtime_writeable_weights": 0
  }
}