{
  "Defaults": {},
  "StreamingFIFO_rtl_0": {
    "ram_style": "auto",
    "depth": 173056,
    "impl_style": "rtl",
    "inFIFODepths": [
      0
    ],
    "outFIFODepths": [
      0
    ]
  },
  "StreamingMaxPool_hls_0": {
    "PE": 1,
    "inFIFODepths": [
      173056
    ],
    "outFIFODepths": [
      2
    ]
  },
  "StreamingFIFO_rtl_1": {
    "ram_style": "auto",
    "depth": 2,
    "impl_style": "rtl",
    "inFIFODepths": [
      0
    ],
    "outFIFODepths": [
      0
    ]
  },
  "FMPadding_rtl_0": {
    "SIMD": 8,
    "inFIFODepths": [
      2
    ],
    "outFIFODepths": [
      28155
    ]
  },
  "StreamingFIFO_rtl_2": {
    "ram_style": "auto",
    "depth": 28155,
    "impl_style": "vivado",
    "inFIFODepths": [
      0
    ],
    "outFIFODepths": [
      0
    ]
  },
  "StreamingDataWidthConverter_rtl_0": {
    "inFIFODepths": [
      28155
    ],
    "outFIFODepths": [
      352800
    ]
  },
  "StreamingFIFO_rtl_3": {
    "ram_style": "auto",
    "depth": 352800,
    "impl_style": "vivado",
    "inFIFODepths": [
      0
    ],
    "outFIFODepths": [
      0
    ]
  },
  "ConvolutionInputGenerator_rtl_0": {
    "SIMD": 1,
    "parallel_window": 0,
    "ram_style": "distributed",
    "inFIFODepths": [
      352800
    ],
    "outFIFODepths": [
      777521
    ]
  },
  "StreamingFIFO_rtl_4": {
    "ram_style": "auto",
    "depth": 777521,
    "impl_style": "vivado",
    "inFIFODepths": [
      0
    ],
    "outFIFODepths": [
      0
    ]
  },
  "StreamingDataWidthConverter_rtl_1": {
    "inFIFODepths": [
      777521
    ],
    "outFIFODepths": [
      1038336
    ]
  },
  "StreamingFIFO_rtl_5": {
    "ram_style": "auto",
    "depth": 1038336,
    "impl_style": "vivado",
    "inFIFODepths": [
      0
    ],
    "outFIFODepths": [
      0
    ]
  },
  "MVAU_hls_0": {
    "PE": 1,
    "SIMD": 3,
    "ram_style": "auto",
    "resType": "auto",
    "mem_mode": "internal_decoupled",
    "runtime_writeable_weights": 0,
    "inFIFODepths": [
      1038336
    ],
    "outFIFODepths": [
      2
    ]
  },
  "StreamingFIFO_rtl_6": {
    "ram_style": "auto",
    "depth": 2,
    "impl_style": "rtl",
    "inFIFODepths": [
      0
    ],
    "outFIFODepths": [
      0
    ]
  },
  "StreamingDataWidthConverter_rtl_2": {
    "inFIFODepths": [
      2
    ],
    "outFIFODepths": [
      2
    ]
  },
  "StreamingFIFO_rtl_7": {
    "ram_style": "auto",
    "depth": 2,
    "impl_style": "rtl",
    "inFIFODepths": [
      0
    ],
    "outFIFODepths": [
      0
    ]
  },
  "StreamingMaxPool_hls_1": {
    "PE": 1,
    "inFIFODepths": [
      2
    ],
    "outFIFODepths": [
      2
    ]
  },
  "StreamingFIFO_rtl_8": {
    "ram_style": "auto",
    "depth": 2,
    "impl_style": "rtl",
    "inFIFODepths": [
      0
    ],
    "outFIFODepths": [
      0
    ]
  },
  "FMPadding_rtl_1": {
    "SIMD": 8,
    "inFIFODepths": [
      2
    ],
    "outFIFODepths": [
      278
    ]
  },
  "StreamingFIFO_rtl_9": {
    "ram_style": "auto",
    "depth": 278,
    "impl_style": "vivado",
    "inFIFODepths": [
      0
    ],
    "outFIFODepths": [
      0
    ]
  },
  "StreamingDataWidthConverter_rtl_3": {
    "inFIFODepths": [
      278
    ],
    "outFIFODepths": [
      2235
    ]
  },
  "StreamingFIFO_rtl_10": {
    "ram_style": "auto",
    "depth": 2235,
    "impl_style": "vivado",
    "inFIFODepths": [
      0
    ],
    "outFIFODepths": [
      0
    ]
  },
  "ConvolutionInputGenerator_rtl_1": {
    "SIMD": 1,
    "parallel_window": 0,
    "ram_style": "distributed",
    "inFIFODepths": [
      2235
    ],
    "outFIFODepths": [
      2
    ]
  },
  "StreamingFIFO_rtl_11": {
    "ram_style": "auto",
    "depth": 2,
    "impl_style": "rtl",
    "inFIFODepths": [
      0
    ],
    "outFIFODepths": [
      0
    ]
  },
  "StreamingDataWidthConverter_rtl_4": {
    "inFIFODepths": [
      2
    ],
    "outFIFODepths": [
      6562
    ]
  },
  "StreamingFIFO_rtl_12": {
    "ram_style": "auto",
    "depth": 6562,
    "impl_style": "vivado",
    "inFIFODepths": [
      0
    ],
    "outFIFODepths": [
      0
    ]
  },
  "MVAU_hls_1": {
    "PE": 1,
    "SIMD": 2,
    "ram_style": "auto",
    "resType": "auto",
    "mem_mode": "internal_decoupled",
    "runtime_writeable_weights": 0,
    "inFIFODepths": [
      6562
    ],
    "outFIFODepths": [
      2
    ]
  },
  "StreamingFIFO_rtl_13": {
    "ram_style": "auto",
    "depth": 2,
    "impl_style": "rtl",
    "inFIFODepths": [
      0
    ],
    "outFIFODepths": [
      0
    ]
  },
  "StreamingDataWidthConverter_rtl_5": {
    "inFIFODepths": [
      2
    ],
    "outFIFODepths": [
      2
    ]
  },
  "StreamingFIFO_rtl_14": {
    "ram_style": "auto",
    "depth": 2,
    "impl_style": "rtl",
    "inFIFODepths": [
      0
    ],
    "outFIFODepths": [
      0
    ]
  },
  "StreamingMaxPool_hls_2": {
    "PE": 1,
    "inFIFODepths": [
      2
    ],
    "outFIFODepths": [
      2
    ]
  },
  "StreamingFIFO_rtl_15": {
    "ram_style": "auto",
    "depth": 2,
    "impl_style": "rtl",
    "inFIFODepths": [
      0
    ],
    "outFIFODepths": [
      0
    ]
  },
  "FMPadding_rtl_2": {
    "SIMD": 16,
    "inFIFODepths": [
      2
    ],
    "outFIFODepths": [
      151
    ]
  },
  "StreamingFIFO_rtl_16": {
    "ram_style": "auto",
    "depth": 151,
    "impl_style": "rtl",
    "inFIFODepths": [
      0
    ],
    "outFIFODepths": [
      0
    ]
  },
  "StreamingDataWidthConverter_rtl_6": {
    "inFIFODepths": [
      151
    ],
    "outFIFODepths": [
      2256
    ]
  },
  "StreamingFIFO_rtl_17": {
    "ram_style": "auto",
    "depth": 2256,
    "impl_style": "vivado",
    "inFIFODepths": [
      0
    ],
    "outFIFODepths": [
      0
    ]
  },
  "ConvolutionInputGenerator_rtl_2": {
    "SIMD": 1,
    "parallel_window": 0,
    "ram_style": "distributed",
    "inFIFODepths": [
      2256
    ],
    "outFIFODepths": [
      2
    ]
  },
  "StreamingFIFO_rtl_18": {
    "ram_style": "auto",
    "depth": 2,
    "impl_style": "rtl",
    "inFIFODepths": [
      0
    ],
    "outFIFODepths": [
      0
    ]
  },
  "StreamingDataWidthConverter_rtl_7": {
    "inFIFODepths": [
      2
    ],
    "outFIFODepths": [
      7014
    ]
  },
  "StreamingFIFO_rtl_19": {
    "ram_style": "auto",
    "depth": 7014,
    "impl_style": "vivado",
    "inFIFODepths": [
      0
    ],
    "outFIFODepths": [
      0
    ]
  },
  "MVAU_hls_2": {
    "PE": 1,
    "SIMD": 2,
    "ram_style": "auto",
    "resType": "auto",
    "mem_mode": "internal_decoupled",
    "runtime_writeable_weights": 0,
    "inFIFODepths": [
      7014
    ],
    "outFIFODepths": [
      2
    ]
  },
  "StreamingFIFO_rtl_20": {
    "ram_style": "auto",
    "depth": 2,
    "impl_style": "rtl",
    "inFIFODepths": [
      0
    ],
    "outFIFODepths": [
      0
    ]
  },
  "StreamingDataWidthConverter_rtl_8": {
    "inFIFODepths": [
      2
    ],
    "outFIFODepths": [
      2
    ]
  },
  "StreamingFIFO_rtl_21": {
    "ram_style": "auto",
    "depth": 2,
    "impl_style": "rtl",
    "inFIFODepths": [
      0
    ],
    "outFIFODepths": [
      0
    ]
  },
  "StreamingMaxPool_hls_3": {
    "PE": 1,
    "inFIFODepths": [
      2
    ],
    "outFIFODepths": [
      2
    ]
  },
  "StreamingFIFO_rtl_22": {
    "ram_style": "auto",
    "depth": 2,
    "impl_style": "rtl",
    "inFIFODepths": [
      0
    ],
    "outFIFODepths": [
      0
    ]
  },
  "FMPadding_rtl_3": {
    "SIMD": 32,
    "inFIFODepths": [
      2
    ],
    "outFIFODepths": [
      81
    ]
  },
  "StreamingFIFO_rtl_23": {
    "ram_style": "auto",
    "depth": 81,
    "impl_style": "rtl",
    "inFIFODepths": [
      0
    ],
    "outFIFODepths": [
      0
    ]
  },
  "StreamingDataWidthConverter_rtl_9": {
    "inFIFODepths": [
      81
    ],
    "outFIFODepths": [
      2275
    ]
  },
  "StreamingFIFO_rtl_24": {
    "ram_style": "auto",
    "depth": 2275,
    "impl_style": "vivado",
    "inFIFODepths": [
      0
    ],
    "outFIFODepths": [
      0
    ]
  },
  "ConvolutionInputGenerator_rtl_3": {
    "SIMD": 1,
    "parallel_window": 0,
    "ram_style": "distributed",
    "inFIFODepths": [
      2275
    ],
    "outFIFODepths": [
      2
    ]
  },
  "StreamingFIFO_rtl_25": {
    "ram_style": "auto",
    "depth": 2,
    "impl_style": "rtl",
    "inFIFODepths": [
      0
    ],
    "outFIFODepths": [
      0
    ]
  },
  "StreamingDataWidthConverter_rtl_10": {
    "inFIFODepths": [
      2
    ],
    "outFIFODepths": [
      7262
    ]
  },
  "StreamingFIFO_rtl_26": {
    "ram_style": "auto",
    "depth": 7262,
    "impl_style": "vivado",
    "inFIFODepths": [
      0
    ],
    "outFIFODepths": [
      0
    ]
  },
  "MVAU_hls_3": {
    "PE": 1,
    "SIMD": 2,
    "ram_style": "auto",
    "resType": "auto",
    "mem_mode": "internal_decoupled",
    "runtime_writeable_weights": 0,
    "inFIFODepths": [
      7262
    ],
    "outFIFODepths": [
      2
    ]
  },
  "StreamingFIFO_rtl_27": {
    "ram_style": "auto",
    "depth": 2,
    "impl_style": "rtl",
    "inFIFODepths": [
      0
    ],
    "outFIFODepths": [
      0
    ]
  },
  "StreamingDataWidthConverter_rtl_11": {
    "inFIFODepths": [
      2
    ],
    "outFIFODepths": [
      2
    ]
  },
  "StreamingFIFO_rtl_28": {
    "ram_style": "auto",
    "depth": 2,
    "impl_style": "rtl",
    "inFIFODepths": [
      0
    ],
    "outFIFODepths": [
      0
    ]
  },
  "StreamingMaxPool_hls_4": {
    "PE": 1,
    "inFIFODepths": [
      2
    ],
    "outFIFODepths": [
      2
    ]
  },
  "StreamingFIFO_rtl_29": {
    "ram_style": "auto",
    "depth": 2,
    "impl_style": "rtl",
    "inFIFODepths": [
      0
    ],
    "outFIFODepths": [
      0
    ]
  },
  "FMPadding_rtl_4": {
    "SIMD": 56,
    "inFIFODepths": [
      2
    ],
    "outFIFODepths": [
      44
    ]
  },
  "StreamingFIFO_rtl_30": {
    "ram_style": "auto",
    "depth": 44,
    "impl_style": "rtl",
    "inFIFODepths": [
      0
    ],
    "outFIFODepths": [
      0
    ]
  },
  "StreamingDataWidthConverter_rtl_12": {
    "inFIFODepths": [
      44
    ],
    "outFIFODepths": [
      2072
    ]
  },
  "StreamingFIFO_rtl_31": {
    "ram_style": "auto",
    "depth": 2072,
    "impl_style": "vivado",
    "inFIFODepths": [
      0
    ],
    "outFIFODepths": [
      0
    ]
  },
  "ConvolutionInputGenerator_rtl_4": {
    "SIMD": 1,
    "parallel_window": 0,
    "ram_style": "distributed",
    "inFIFODepths": [
      2072
    ],
    "outFIFODepths": [
      24414
    ]
  },
  "StreamingFIFO_rtl_32": {
    "ram_style": "auto",
    "depth": 24414,
    "impl_style": "vivado",
    "inFIFODepths": [
      0
    ],
    "outFIFODepths": [
      0
    ]
  },
  "MVAU_hls_4": {
    "PE": 1,
    "SIMD": 1,
    "ram_style": "auto",
    "resType": "auto",
    "mem_mode": "internal_decoupled",
    "runtime_writeable_weights": 0,
    "inFIFODepths": [
      24414
    ],
    "outFIFODepths": [
      2
    ]
  },
  "StreamingFIFO_rtl_33": {
    "ram_style": "auto",
    "depth": 2,
    "impl_style": "rtl",
    "inFIFODepths": [
      0
    ],
    "outFIFODepths": [
      0
    ]
  },
  "StreamingDataWidthConverter_rtl_13": {
    "inFIFODepths": [
      2
    ],
    "outFIFODepths": [
      2
    ]
  },
  "StreamingFIFO_rtl_34": {
    "ram_style": "auto",
    "depth": 2,
    "impl_style": "rtl",
    "inFIFODepths": [
      0
    ],
    "outFIFODepths": [
      0
    ]
  },
  "FMPadding_rtl_5": {
    "SIMD": 104,
    "inFIFODepths": [
      2
    ],
    "outFIFODepths": [
      32
    ]
  },
  "StreamingFIFO_rtl_35": {
    "ram_style": "auto",
    "depth": 32,
    "impl_style": "rtl",
    "inFIFODepths": [
      0
    ],
    "outFIFODepths": [
      0
    ]
  },
  "StreamingDataWidthConverter_rtl_14": {
    "inFIFODepths": [
      32
    ],
    "outFIFODepths": [
      2600
    ]
  },
  "StreamingFIFO_rtl_36": {
    "ram_style": "auto",
    "depth": 2600,
    "impl_style": "vivado",
    "inFIFODepths": [
      0
    ],
    "outFIFODepths": [
      0
    ]
  },
  "ConvolutionInputGenerator_rtl_5": {
    "SIMD": 1,
    "parallel_window": 0,
    "ram_style": "distributed",
    "inFIFODepths": [
      2600
    ],
    "outFIFODepths": [
      2
    ]
  },
  "StreamingFIFO_rtl_37": {
    "ram_style": "auto",
    "depth": 2,
    "impl_style": "rtl",
    "inFIFODepths": [
      0
    ],
    "outFIFODepths": [
      0
    ]
  },
  "StreamingDataWidthConverter_rtl_15": {
    "inFIFODepths": [
      2
    ],
    "outFIFODepths": [
      3378
    ]
  },
  "StreamingFIFO_rtl_38": {
    "ram_style": "auto",
    "depth": 3378,
    "impl_style": "vivado",
    "inFIFODepths": [
      0
    ],
    "outFIFODepths": [
      0
    ]
  },
  "MVAU_hls_5": {
    "PE": 1,
    "SIMD": 4,
    "ram_style": "auto",
    "resType": "auto",
    "mem_mode": "internal_decoupled",
    "runtime_writeable_weights": 0,
    "inFIFODepths": [
      3378
    ],
    "outFIFODepths": [
      46
    ]
  },
  "StreamingFIFO_rtl_39": {
    "ram_style": "auto",
    "depth": 46,
    "impl_style": "rtl",
    "inFIFODepths": [
      0
    ],
    "outFIFODepths": [
      0
    ]
  },
  "MVAU_hls_6": {
    "PE": 1,
    "SIMD": 1,
    "ram_style": "auto",
    "resType": "auto",
    "mem_mode": "internal_decoupled",
    "runtime_writeable_weights": 0,
    "inFIFODepths": [
      46
    ],
    "outFIFODepths": [
      2
    ]
  },
  "StreamingFIFO_rtl_40": {
    "ram_style": "auto",
    "depth": 2,
    "impl_style": "rtl",
    "inFIFODepths": [
      0
    ],
    "outFIFODepths": [
      0
    ]
  },
  "StreamingDataWidthConverter_rtl_16": {
    "inFIFODepths": [
      2
    ],
    "outFIFODepths": [
      2
    ]
  },
  "StreamingFIFO_rtl_41": {
    "ram_style": "auto",
    "depth": 2,
    "impl_style": "rtl",
    "inFIFODepths": [
      0
    ],
    "outFIFODepths": [
      0
    ]
  },
  "FMPadding_rtl_6": {
    "SIMD": 56,
    "inFIFODepths": [
      2
    ],
    "outFIFODepths": [
      32
    ]
  },
  "StreamingFIFO_rtl_42": {
    "ram_style": "auto",
    "depth": 32,
    "impl_style": "rtl",
    "inFIFODepths": [
      0
    ],
    "outFIFODepths": [
      0
    ]
  },
  "StreamingDataWidthConverter_rtl_17": {
    "inFIFODepths": [
      32
    ],
    "outFIFODepths": [
      1400
    ]
  },
  "StreamingFIFO_rtl_43": {
    "ram_style": "auto",
    "depth": 1400,
    "impl_style": "vivado",
    "inFIFODepths": [
      0
    ],
    "outFIFODepths": [
      0
    ]
  },
  "ConvolutionInputGenerator_rtl_6": {
    "SIMD": 1,
    "parallel_window": 0,
    "ram_style": "distributed",
    "inFIFODepths": [
      1400
    ],
    "outFIFODepths": [
      7782
    ]
  },
  "StreamingFIFO_rtl_44": {
    "ram_style": "auto",
    "depth": 7782,
    "impl_style": "vivado",
    "inFIFODepths": [
      0
    ],
    "outFIFODepths": [
      0
    ]
  },
  "MVAU_hls_7": {
    "PE": 1,
    "SIMD": 1,
    "ram_style": "auto",
    "resType": "auto",
    "mem_mode": "internal_decoupled",
    "runtime_writeable_weights": 0,
    "inFIFODepths": [
      7782
    ],
    "outFIFODepths": [
      2
    ]
  },
  "StreamingFIFO_rtl_45": {
    "ram_style": "auto",
    "depth": 2,
    "impl_style": "rtl",
    "inFIFODepths": [
      0
    ],
    "outFIFODepths": [
      0
    ]
  },
  "StreamingDataWidthConverter_rtl_18": {
    "inFIFODepths": [
      2
    ],
    "outFIFODepths": [
      2
    ]
  },
  "StreamingFIFO_rtl_46": {
    "ram_style": "auto",
    "depth": 2,
    "impl_style": "rtl",
    "inFIFODepths": [
      0
    ],
    "outFIFODepths": [
      0
    ]
  },
  "FMPadding_rtl_7": {
    "SIMD": 104,
    "inFIFODepths": [
      2
    ],
    "outFIFODepths": [
      32
    ]
  },
  "StreamingFIFO_rtl_47": {
    "ram_style": "auto",
    "depth": 32,
    "impl_style": "rtl",
    "inFIFODepths": [
      0
    ],
    "outFIFODepths": [
      0
    ]
  },
  "StreamingDataWidthConverter_rtl_19": {
    "inFIFODepths": [
      32
    ],
    "outFIFODepths": [
      2600
    ]
  },
  "StreamingFIFO_rtl_48": {
    "ram_style": "auto",
    "depth": 2600,
    "impl_style": "vivado",
    "inFIFODepths": [
      0
    ],
    "outFIFODepths": [
      0
    ]
  },
  "ConvolutionInputGenerator_rtl_7": {
    "SIMD": 1,
    "parallel_window": 0,
    "ram_style": "distributed",
    "inFIFODepths": [
      2600
    ],
    "outFIFODepths": [
      2
    ]
  },
  "StreamingFIFO_rtl_49": {
    "ram_style": "auto",
    "depth": 2,
    "impl_style": "rtl",
    "inFIFODepths": [
      0
    ],
    "outFIFODepths": [
      0
    ]
  },
  "StreamingDataWidthConverter_rtl_20": {
    "inFIFODepths": [
      2
    ],
    "outFIFODepths": [
      2251
    ]
  },
  "StreamingFIFO_rtl_50": {
    "ram_style": "auto",
    "depth": 2251,
    "impl_style": "vivado",
    "inFIFODepths": [
      0
    ],
    "outFIFODepths": [
      0
    ]
  },
  "MVAU_hls_8": {
    "PE": 1,
    "SIMD": 6,
    "ram_style": "auto",
    "resType": "auto",
    "mem_mode": "internal_decoupled",
    "runtime_writeable_weights": 0,
    "inFIFODepths": [
      2251
    ],
    "outFIFODepths": [
      2
    ]
  },
  "StreamingFIFO_rtl_51": {
    "ram_style": "auto",
    "depth": 2,
    "impl_style": "rtl",
    "inFIFODepths": [
      0
    ],
    "outFIFODepths": [
      0
    ]
  }
}