{
  "StreamingMaxPool_hls_0": {
    "BRAM_18K": 0,
    "BRAM_efficiency": 1,
    "LUT": 0,
    "URAM": 0,
    "URAM_efficiency": 1,
    "DSP": 0
  },
  "FMPadding_rtl_0": {
    "BRAM_18K": 0,
    "BRAM_efficiency": 1,
    "LUT": 0,
    "URAM": 0,
    "URAM_efficiency": 1,
    "DSP": 0
  },
  "ConvolutionInputGenerator_rtl_0": {
    "BRAM_18K": 0,
    "BRAM_efficiency": 1,
    "LUT": 660,
    "URAM": 0,
    "URAM_efficiency": 1,
    "DSP": 0
  },
  "MVAU_hls_0": {
    "BRAM_18K": 1,
    "BRAM_efficiency": 0.125,
    "LUT": 437,
    "URAM": 0,
    "URAM_efficiency": 1,
    "DSP": 0
  },
  "StreamingMaxPool_hls_1": {
    "BRAM_18K": 0,
    "BRAM_efficiency": 1,
    "LUT": 0,
    "URAM": 0,
    "URAM_efficiency": 1,
    "DSP": 0
  },
  "FMPadding_rtl_1": {
    "BRAM_18K": 0,
    "BRAM_efficiency": 1,
    "LUT": 0,
    "URAM": 0,
    "URAM_efficiency": 1,
    "DSP": 0
  },
  "ConvolutionInputGenerator_rtl_1": {
    "BRAM_18K": 0,
    "BRAM_efficiency": 1,
    "LUT": 484,
    "URAM": 0,
    "URAM_efficiency": 1,
    "DSP": 0
  },
  "MVAU_hls_1": {
    "BRAM_18K": 1,
    "BRAM_efficiency": 0.25,
    "LUT": 393,
    "URAM": 0,
    "URAM_efficiency": 1,
    "DSP": 0
  },
  "StreamingMaxPool_hls_2": {
    "BRAM_18K": 0,
    "BRAM_efficiency": 1,
    "LUT": 0,
    "URAM": 0,
    "URAM_efficiency": 1,
    "DSP": 0
  },
  "FMPadding_rtl_2": {
    "BRAM_18K": 0,
    "BRAM_efficiency": 1,
    "LUT": 0,
    "URAM": 0,
    "URAM_efficiency": 1,
    "DSP": 0
  },
  "ConvolutionInputGenerator_rtl_2": {
    "BRAM_18K": 0,
    "BRAM_efficiency": 1,
    "LUT": 488,
    "URAM": 0,
    "URAM_efficiency": 1,
    "DSP": 0
  },
  "MVAU_hls_2": {
    "BRAM_18K": 2,
    "BRAM_efficiency": 0.5,
    "LUT": 394,
    "URAM": 0,
    "URAM_efficiency": 1,
    "DSP": 0
  },
  "StreamingMaxPool_hls_3": {
    "BRAM_18K": 0,
    "BRAM_efficiency": 1,
    "LUT": 0,
    "URAM": 0,
    "URAM_efficiency": 1,
    "DSP": 0
  },
  "FMPadding_rtl_3": {
    "BRAM_18K": 0,
    "BRAM_efficiency": 1,
    "LUT": 0,
    "URAM": 0,
    "URAM_efficiency": 1,
    "DSP": 0
  },
  "ConvolutionInputGenerator_rtl_3": {
    "BRAM_18K": 0,
    "BRAM_efficiency": 1,
    "LUT": 500,
    "URAM": 0,
    "URAM_efficiency": 1,
    "DSP": 0
  },
  "MVAU_hls_3": {
    "BRAM_18K": 4,
    "BRAM_efficiency": 0.875,
    "LUT": 395,
    "URAM": 0,
    "URAM_efficiency": 1,
    "DSP": 0
  },
  "StreamingMaxPool_hls_4": {
    "BRAM_18K": 0,
    "BRAM_efficiency": 1,
    "LUT": 0,
    "URAM": 0,
    "URAM_efficiency": 1,
    "DSP": 0
  },
  "FMPadding_rtl_4": {
    "BRAM_18K": 0,
    "BRAM_efficiency": 1,
    "LUT": 0,
    "URAM": 0,
    "URAM_efficiency": 1,
    "DSP": 0
  },
  "ConvolutionInputGenerator_rtl_4": {
    "BRAM_18K": 0,
    "BRAM_efficiency": 1,
    "LUT": 496,
    "URAM": 0,
    "URAM_efficiency": 1,
    "DSP": 0
  },
  "MVAU_hls_4": {
    "BRAM_18K": 13,
    "BRAM_efficiency": 0.875,
    "LUT": 351,
    "URAM": 0,
    "URAM_efficiency": 1,
    "DSP": 0
  },
  "FMPadding_rtl_5": {
    "BRAM_18K": 0,
    "BRAM_efficiency": 1,
    "LUT": 0,
    "URAM": 0,
    "URAM_efficiency": 1,
    "DSP": 0
  },
  "ConvolutionInputGenerator_rtl_5": {
    "BRAM_18K": 0,
    "BRAM_efficiency": 1,
    "LUT": 664,
    "URAM": 0,
    "URAM_efficiency": 1,
    "DSP": 0
  },
  "MVAU_hls_5": {
    "BRAM_18K": 48,
    "BRAM_efficiency": 0.8802083333333334,
    "LUT": 484,
    "URAM": 0,
    "URAM_efficiency": 1,
    "DSP": 0
  },
  "MVAU_hls_6": {
    "BRAM_18K": 3,
    "BRAM_efficiency": 0.8425925925925926,
    "LUT": 350,
    "URAM": 0,
    "URAM_efficiency": 1,
    "DSP": 0
  },
  "FMPadding_rtl_6": {
    "BRAM_18K": 0,
    "BRAM_efficiency": 1,
    "LUT": 0,
    "URAM": 0,
    "URAM_efficiency": 1,
    "DSP": 0
  },
  "ConvolutionInputGenerator_rtl_6": {
    "BRAM_18K": 0,
    "BRAM_efficiency": 1,
    "LUT": 496,
    "URAM": 0,
    "URAM_efficiency": 1,
    "DSP": 0
  },
  "MVAU_hls_7": {
    "BRAM_18K": 13,
    "BRAM_efficiency": 0.875,
    "LUT": 351,
    "URAM": 0,
    "URAM_efficiency": 1,
    "DSP": 0
  },
  "FMPadding_rtl_7": {
    "BRAM_18K": 0,
    "BRAM_efficiency": 1,
    "LUT": 0,
    "URAM": 0,
    "URAM_efficiency": 1,
    "DSP": 0
  },
  "ConvolutionInputGenerator_rtl_7": {
    "BRAM_18K": 0,
    "BRAM_efficiency": 1,
    "LUT": 664,
    "URAM": 0,
    "URAM_efficiency": 1,
    "DSP": 0
  },
  "MVAU_hls_8": {
    "BRAM_18K": 117,
    "BRAM_efficiency": 0.8854166666666666,
    "LUT": 704,
    "URAM": 0,
    "URAM_efficiency": 1,
    "DSP": 0
  },
  "total": {
    "BRAM_18K": 202.0,
    "LUT": 8311.0,
    "URAM": 0.0,
    "DSP": 0.0
  }
}