{
  "StreamingMaxPool_hls_0": {
    "BRAM_18K": "0",
    "FF": "198",
    "LUT": "1487",
    "DSP48E": 0,
    "URAM": "0",
    "DSP": "0"
  },
  "MVAU_hls_0": {
    "BRAM_18K": "0",
    "FF": "718",
    "LUT": "1007",
    "DSP48E": 0,
    "URAM": "0",
    "DSP": "2"
  },
  "StreamingMaxPool_hls_1": {
    "BRAM_18K": "0",
    "FF": "189",
    "LUT": "1431",
    "DSP48E": 0,
    "URAM": "0",
    "DSP": "0"
  },
  "MVAU_hls_1": {
    "BRAM_18K": "0",
    "FF": "719",
    "LUT": "1064",
    "DSP48E": 0,
    "URAM": "0",
    "DSP": "1"
  },
  "StreamingMaxPool_hls_2": {
    "BRAM_18K": "0",
    "FF": "276",
    "LUT": "2404",
    "DSP48E": 0,
    "URAM": "0",
    "DSP": "0"
  },
  "MVAU_hls_2": {
    "BRAM_18K": "0",
    "FF": "1016",
    "LUT": "1277",
    "DSP48E": 0,
    "URAM": "0",
    "DSP": "1"
  },
  "StreamingMaxPool_hls_3": {
    "BRAM_18K": "0",
    "FF": "459",
    "LUT": "4331",
    "DSP48E": 0,
    "URAM": "0",
    "DSP": "0"
  },
  "MVAU_hls_3": {
    "BRAM_18K": "0",
    "FF": "1601",
    "LUT": "1776",
    "DSP48E": 0,
    "URAM": "0",
    "DSP": "1"
  },
  "StreamingMaxPool_hls_4": {
    "BRAM_18K": "0",
    "FF": "738",
    "LUT": "7224",
    "DSP48E": 0,
    "URAM": "0",
    "DSP": "0"
  },
  "MVAU_hls_4": {
    "BRAM_18K": "15",
    "FF": "2287",
    "LUT": "3496",
    "DSP48E": 0,
    "URAM": "0",
    "DSP": "1"
  },
  "MVAU_hls_5": {
    "BRAM_18K": "15",
    "FF": "4109",
    "LUT": "2155",
    "DSP48E": 0,
    "URAM": "0",
    "DSP": "3"
  },
  "MVAU_hls_6": {
    "BRAM_18K": "0",
    "FF": "1241",
    "LUT": "2075",
    "DSP48E": 0,
    "URAM": "0",
    "DSP": "1"
  },
  "MVAU_hls_7": {
    "BRAM_18K": "15",
    "FF": "2287",
    "LUT": "3496",
    "DSP48E": 0,
    "URAM": "0",
    "DSP": "1"
  },
  "MVAU_hls_8": {
    "BRAM_18K": "254",
    "FF": "4628",
    "LUT": "8331",
    "DSP48E": 0,
    "URAM": "0",
    "DSP": "3"
  }
}