{
  "StreamingMaxPool_hls_0": 216320,
  "FMPadding_rtl_0": 44100,
  "ConvolutionInputGenerator_rtl_0": 3118392,
  "MVAU_hls_0": 8306688,
  "StreamingMaxPool_hls_1": 54080,
  "FMPadding_rtl_1": 11236,
  "ConvolutionInputGenerator_rtl_1": 780472,
  "MVAU_hls_1": 6230016,
  "StreamingMaxPool_hls_2": 13520,
  "FMPadding_rtl_2": 2916,
  "ConvolutionInputGenerator_rtl_2": 391152,
  "MVAU_hls_2": 6230016,
  "StreamingMaxPool_hls_3": 3380,
  "FMPadding_rtl_3": 784,
  "ConvolutionInputGenerator_rtl_3": 196576,
  "MVAU_hls_3": 5451264,
  "StreamingMaxPool_hls_4": 845,
  "FMPadding_rtl_4": 225,
  "ConvolutionInputGenerator_rtl_4": 87024,
  "MVAU_hls_4": 8858304,
  "FMPadding_rtl_5": 225,
  "ConvolutionInputGenerator_rtl_5": 161616,
  "MVAU_hls_5": 8225568,
  "MVAU_hls_6": 1968512,
  "FMPadding_rtl_6": 225,
  "ConvolutionInputGenerator_rtl_6": 87024,
  "MVAU_hls_7": 8858304,
  "FMPadding_rtl_7": 225,
  "ConvolutionInputGenerator_rtl_7": 161616,
  "MVAU_hls_8": 6722820
}