{
  "StreamingMaxPool_hls_0": {},
  "FMPadding_rtl_0": {},
  "ConvolutionInputGenerator_rtl_0": {},
  "MVAU_hls_0": {
    "op_mac_4bx4b": 24920064,
    "param_weight_4b": 576,
    "param_threshold_13b": 8
  },
  "StreamingMaxPool_hls_1": {},
  "FMPadding_rtl_1": {},
  "ConvolutionInputGenerator_rtl_1": {},
  "MVAU_hls_1": {
    "op_mac_4bx4b": 12460032,
    "param_weight_4b": 1152,
    "param_threshold_13b": 16
  },
  "StreamingMaxPool_hls_2": {},
  "FMPadding_rtl_2": {},
  "ConvolutionInputGenerator_rtl_2": {},
  "MVAU_hls_2": {
    "op_mac_4bx4b": 12460032,
    "param_weight_4b": 4608,
    "param_threshold_14b": 32
  },
  "StreamingMaxPool_hls_3": {},
  "FMPadding_rtl_3": {},
  "ConvolutionInputGenerator_rtl_3": {},
  "MVAU_hls_3": {
    "op_mac_4bx4b": 10902528,
    "param_weight_4b": 16128,
    "param_threshold_15b": 56
  },
  "StreamingMaxPool_hls_4": {},
  "FMPadding_rtl_4": {},
  "ConvolutionInputGenerator_rtl_4": {},
  "MVAU_hls_4": {
    "op_mac_4bx4b": 8858304,
    "param_weight_4b": 52416,
    "param_threshold_15b": 104
  },
  "FMPadding_rtl_5": {},
  "ConvolutionInputGenerator_rtl_5": {},
  "MVAU_hls_5": {
    "op_mac_4bx4b": 32902272,
    "param_weight_4b": 194688,
    "param_threshold_16b": 208
  },
  "MVAU_hls_6": {
    "op_mac_4bx4b": 1968512,
    "param_weight_4b": 11648,
    "param_threshold_14b": 56
  },
  "FMPadding_rtl_6": {},
  "ConvolutionInputGenerator_rtl_6": {},
  "MVAU_hls_7": {
    "op_mac_4bx4b": 8858304,
    "param_weight_4b": 52416,
    "param_threshold_15b": 104
  },
  "FMPadding_rtl_7": {},
  "ConvolutionInputGenerator_rtl_7": {},
  "MVAU_hls_8": {
    "op_mac_4bx8b": 40336920,
    "param_weight_8b": 238680,
    "param_threshold_20b": 255
  },
  "total": {
    "op_mac_4bx4b": 113330048.0,
    "param_weight_4b": 333632.0,
    "param_threshold_13b": 24.0,
    "param_threshold_14b": 88.0,
    "param_threshold_15b": 264.0,
    "param_threshold_16b": 208.0,
    "op_mac_4bx8b": 40336920.0,
    "param_weight_8b": 238680.0,
    "param_threshold_20b": 255.0
  }
}